Id,Predicted
0,increasevolume
1,decreaseheat
2,increasevolume
3,decreaseheat
4,increasevolume
5,increasevolume
6,decreasevolume
7,increasevolume
8,decreasevolume
9,increasevolume
10,increasevolume
11,increasevolume
12,increasevolume
13,decreasevolume
14,increasevolume
15,increasevolume
16,increasevolume
17,decreasevolume
18,increasevolume
19,increasevolume
20,increasevolume
21,decreasevolume
22,decreasevolume
23,increasevolume
24,increasevolume
25,increasevolume
26,increasevolume
27,increasevolume
28,increasevolume
29,increasevolume
30,decreasevolume
31,increasevolume
32,increasevolume
33,increasevolume
34,increasevolume
35,increasevolume
36,increasevolume
37,decreasevolume
38,increasevolume
39,increasevolume
40,increasevolume
41,decreasevolume
42,increasevolume
43,increasevolume
44,decreasevolume
45,increasevolume
46,increasevolume
47,increasevolume
48,increasevolume
49,increasevolume
50,increasevolume
51,increasevolume
52,increasevolume
53,increasevolume
54,increasevolume
55,increasevolume
56,increasevolume
57,increasevolume
58,decreasevolume
59,increasevolume
60,increasevolume
61,increasevolume
62,decreasevolume
63,increasevolume
64,increaseheat
65,increasevolume
66,increasevolume
67,decreasevolume
68,increasevolume
69,increaseheat
70,increasevolume
71,increasevolume
72,decreasevolume
73,increasevolume
74,increasevolume
75,increasevolume
76,increasevolume
77,increasevolume
78,decreasevolume
79,increasevolume
80,increasevolume
81,increasevolume
82,increasevolume
83,increasevolume
84,increasevolume
85,increasevolume
86,decreasevolume
87,increasevolume
88,decreasevolume
89,increasevolume
90,increasevolume
91,decreasevolume
92,increasevolume
93,increasevolume
94,increasevolume
95,increasevolume
96,increasevolume
97,decreaseheat
98,increasevolume
99,increasevolume
100,increasevolume
101,increasevolume
102,decreasevolume
103,decreasevolume
104,increasevolume
105,increasevolume
106,increasevolume
107,increasevolume
108,decreaseheat
109,decreasevolume
110,increasevolume
111,increasevolume
112,increasevolume
113,increasevolume
114,decreasevolume
115,increasevolume
116,increasevolume
117,increasevolume
118,increasevolume
119,increasevolume
120,increasevolume
121,increasevolume
122,increasevolume
123,increasevolume
124,increasevolume
125,decreasevolume
126,increasevolume
127,decreasevolume
128,increasevolume
129,increasevolume
130,increasevolume
131,increasevolume
132,increasevolume
133,increasevolume
134,decreasevolume
135,increasevolume
136,activatemusic
137,increasevolume
138,decreaseheat
139,increasevolume
140,decreasevolume
141,decreasevolume
142,decreasevolume
143,increasevolume
144,increasevolume
145,increasevolume
146,increasevolume
147,increasevolume
148,increasevolume
149,increasevolume
150,increasevolume
151,increasevolume
152,increasevolume
153,increasevolume
154,increasevolume
155,decreasevolume
156,increaseheat
157,increasevolume
158,increasevolume
159,decreasevolume
160,decreasevolume
161,decreasevolume
162,decreasevolume
163,increasevolume
164,decreasevolume
165,increasevolume
166,increasevolume
167,increasevolume
168,increasevolume
169,increasevolume
170,increasevolume
171,increasevolume
172,increasevolume
173,decreasevolume
174,increasevolume
175,increasevolume
176,decreasevolume
177,increasevolume
178,increasevolume
179,increasevolume
180,increasevolume
181,increasevolume
182,increasevolume
183,increasevolume
184,increasevolume
185,decreasevolume
186,decreasevolume
187,decreaseheat
188,increasevolume
189,increasevolume
190,decreasevolume
191,increasevolume
192,decreasevolume
193,decreasevolume
194,increasevolume
195,decreasevolume
196,increasevolume
197,decreasevolume
198,increasevolume
199,decreasevolume
200,increasevolume
201,increasevolume
202,increasevolume
203,increasevolume
204,increaseheat
205,increasevolume
206,increasevolume
207,increasevolume
208,increasevolume
209,increasevolume
210,increasevolume
211,increasevolume
212,increasevolume
213,increasevolume
214,decreasevolume
215,increasevolume
216,decreasevolume
217,increasevolume
218,increasevolume
219,increasevolume
220,increasevolume
221,decreasevolume
222,increasevolume
223,increasevolume
224,decreaseheat
225,increasevolume
226,decreasevolume
227,decreasevolume
228,decreasevolume
229,increasevolume
230,decreasevolume
231,increasevolume
232,decreaseheat
233,increasevolume
234,increasevolume
235,increasevolume
236,increasevolume
237,increasevolume
238,increasevolume
239,decreasevolume
240,increasevolume
241,decreasevolume
242,increasevolume
243,increasevolume
244,decreasevolume
245,decreasevolume
246,decreaseheat
247,increasevolume
248,increasevolume
249,increasevolume
250,increasevolume
251,decreasevolume
252,increasevolume
253,increasevolume
254,increasevolume
255,increasevolume
256,increasevolume
257,increasevolume
258,decreasevolume
259,increasevolume
260,decreasevolume
261,increasevolume
262,increasevolume
263,decreasevolume
264,increasevolume
265,increasevolume
266,increasevolume
267,decreaseheat
268,increasevolume
269,increasevolume
270,increasevolume
271,decreaseheat
272,increasevolume
273,decreaseheat
274,increasevolume
275,increasevolume
276,increasevolume
277,increasevolume
278,increasevolume
279,increasevolume
280,increasevolume
281,increasevolume
282,increasevolume
283,increasevolume
284,increasevolume
285,increasevolume
286,increaseheat
287,increasevolume
288,decreasevolume
289,increasevolume
290,increasevolume
291,decreasevolume
292,increasevolume
293,increasevolume
294,increasevolume
295,increasevolume
296,increasevolume
297,increasevolume
298,decreasevolume
299,increasevolume
300,decreasevolume
301,decreasevolume
302,increasevolume
303,increasevolume
304,increasevolume
305,decreaseheat
306,decreasevolume
307,increasevolume
308,increasevolume
309,increasevolume
310,increaseheat
311,increasevolume
312,increasevolume
313,increasevolume
314,increasevolume
315,increasevolume
316,increasevolume
317,decreasevolume
318,decreasevolume
319,increasevolume
320,increasevolume
321,increasevolume
322,increasevolume
323,increasevolume
324,increasevolume
325,decreasevolume
326,decreasevolume
327,increasevolume
328,increasevolume
329,increasevolume
330,increasevolume
331,increasevolume
332,increasevolume
333,increasevolume
334,increasevolume
335,increasevolume
336,decreasevolume
337,decreaseheat
338,increasevolume
339,increasevolume
340,increasevolume
341,decreasevolume
342,decreasevolume
343,increasevolume
344,increasevolume
345,increasevolume
346,increasevolume
347,decreasevolume
348,increasevolume
349,decreasevolume
350,increasevolume
351,decreasevolume
352,decreasevolume
353,increasevolume
354,increasevolume
355,increasevolume
356,increaseheat
357,increasevolume
358,increasevolume
359,decreasevolume
360,change languagenone
361,increasevolume
362,increasevolume
363,increasevolume
364,increasevolume
365,decreaseheat
366,decreasevolume
367,increasevolume
368,increasevolume
369,increasevolume
370,increasevolume
371,increasevolume
372,increasevolume
373,increasevolume
374,increasevolume
375,decreasevolume
376,increasevolume
377,increasevolume
378,increasevolume
379,increasevolume
380,increasevolume
381,increasevolume
382,increasevolume
383,decreasevolume
384,increasevolume
385,increasevolume
386,decreasevolume
387,increasevolume
388,increasevolume
389,increasevolume
390,increasevolume
391,increasevolume
392,increasevolume
393,increasevolume
394,increasevolume
395,increasevolume
396,increasevolume
397,increasevolume
398,increasevolume
399,increasevolume
400,increasevolume
401,change languagenone
402,increasevolume
403,decreasevolume
404,decreasevolume
405,decreasevolume
406,increasevolume
407,decreasevolume
408,increasevolume
409,increasevolume
410,increasevolume
411,increasevolume
412,decreaseheat
413,increasevolume
414,increasevolume
415,increasevolume
416,increasevolume
417,increasevolume
418,increasevolume
419,increasevolume
420,increasevolume
421,increasevolume
422,decreasevolume
423,increasevolume
424,increasevolume
425,decreasevolume
426,increasevolume
427,increasevolume
428,increasevolume
429,decreasevolume
430,increasevolume
431,increasevolume
432,increasevolume
433,decreaseheat
434,increasevolume
435,increasevolume
436,increasevolume
437,decreasevolume
438,decreasevolume
439,decreasevolume
440,increasevolume
441,decreaseheat
442,decreasevolume
443,increasevolume
444,increasevolume
445,increasevolume
446,increasevolume
447,decreasevolume
448,increasevolume
449,increasevolume
450,increasevolume
451,increasevolume
452,increasevolume
453,increasevolume
454,increasevolume
455,increasevolume
456,increasevolume
457,increasevolume
458,increasevolume
459,increasevolume
460,increasevolume
461,decreasevolume
462,increasevolume
463,decreasevolume
464,increasevolume
465,increasevolume
466,increasevolume
467,increasevolume
468,increasevolume
469,increasevolume
470,increasevolume
471,increasevolume
472,increasevolume
473,decreaseheat
474,increasevolume
475,increasevolume
476,increasevolume
477,increasevolume
478,increasevolume
479,increasevolume
480,increasevolume
481,increasevolume
482,increasevolume
483,increasevolume
484,increasevolume
485,increasevolume
486,increasevolume
487,decreasevolume
488,decreasevolume
489,increasevolume
490,increasevolume
491,increasevolume
492,increasevolume
493,increasevolume
494,increasevolume
495,increasevolume
496,decreasevolume
497,increasevolume
498,increasevolume
499,increasevolume
500,decreaseheat
501,increasevolume
502,increasevolume
503,increasevolume
504,increasevolume
505,increasevolume
506,increasevolume
507,decreasevolume
508,increasevolume
509,increasevolume
510,decreasevolume
511,increasevolume
512,increasevolume
513,increasevolume
514,decreaseheat
515,increasevolume
516,decreasevolume
517,increasevolume
518,decreasevolume
519,increasevolume
520,increasevolume
521,decreasevolume
522,increasevolume
523,increasevolume
524,increasevolume
525,increasevolume
526,increasevolume
527,increasevolume
528,increasevolume
529,increasevolume
530,decreasevolume
531,increasevolume
532,increasevolume
533,increasevolume
534,increasevolume
535,increasevolume
536,increasevolume
537,increasevolume
538,increasevolume
539,decreasevolume
540,decreasevolume
541,increasevolume
542,increasevolume
543,increasevolume
544,decreasevolume
545,decreasevolume
546,increasevolume
547,increasevolume
548,increasevolume
549,decreasevolume
550,increasevolume
551,increasevolume
552,increasevolume
553,increasevolume
554,decreasevolume
555,increasevolume
556,increasevolume
557,increasevolume
558,decreasevolume
559,increasevolume
560,increasevolume
561,increasevolume
562,increasevolume
563,increasevolume
564,increasevolume
565,increasevolume
566,increasevolume
567,increasevolume
568,increasevolume
569,increasevolume
570,increasevolume
571,increasevolume
572,increasevolume
573,increasevolume
574,increasevolume
575,decreasevolume
576,increasevolume
577,decreaseheat
578,increasevolume
579,increasevolume
580,increasevolume
581,increasevolume
582,increasevolume
583,increasevolume
584,increasevolume
585,decreasevolume
586,increasevolume
587,decreasevolume
588,decreasevolume
589,increasevolume
590,decreaseheat
591,increasevolume
592,increasevolume
593,decreasevolume
594,increasevolume
595,decreasevolume
596,decreaseheat
597,decreasevolume
598,decreaseheat
599,decreasevolume
600,increasevolume
601,increasevolume
602,increasevolume
603,increasevolume
604,increasevolume
605,decreasevolume
606,increasevolume
607,decreasevolume
608,decreasevolume
609,increasevolume
610,increasevolume
611,decreasevolume
612,increasevolume
613,increasevolume
614,increasevolume
615,decreaseheat
616,increasevolume
617,decreasevolume
618,increasevolume
619,increasevolume
620,increasevolume
621,increasevolume
622,decreasevolume
623,increasevolume
624,increasevolume
625,increasevolume
626,increasevolume
627,increasevolume
628,increasevolume
629,increasevolume
630,increasevolume
631,increasevolume
632,increasevolume
633,increasevolume
634,increasevolume
635,decreasevolume
636,change languagenone
637,increasevolume
638,increasevolume
639,increasevolume
640,increasevolume
641,increasevolume
642,decreasevolume
643,increasevolume
644,increaseheat
645,decreasevolume
646,increasevolume
647,increasevolume
648,increasevolume
649,increasevolume
650,increasevolume
651,increasevolume
652,increasevolume
653,increasevolume
654,increasevolume
655,increasevolume
656,increasevolume
657,decreaseheat
658,decreasevolume
659,increasevolume
660,increasevolume
661,increasevolume
662,increasevolume
663,increasevolume
664,increasevolume
665,increasevolume
666,increasevolume
667,increasevolume
668,increasevolume
669,decreaseheat
670,increasevolume
671,increasevolume
672,increasevolume
673,increasevolume
674,increasevolume
675,increasevolume
676,increasevolume
677,decreasevolume
678,increasevolume
679,increasevolume
680,increasevolume
681,increasevolume
682,decreasevolume
683,increasevolume
684,increasevolume
685,increasevolume
686,increasevolume
687,increasevolume
688,increasevolume
689,increasevolume
690,increasevolume
691,decreasevolume
692,increasevolume
693,increasevolume
694,increasevolume
695,increasevolume
696,increasevolume
697,decreasevolume
698,increasevolume
699,increasevolume
700,increasevolume
701,increasevolume
702,increasevolume
703,decreasevolume
704,increasevolume
705,decreaseheat
706,increasevolume
707,increasevolume
708,decreasevolume
709,decreaseheat
710,decreasevolume
711,decreasevolume
712,increasevolume
713,increasevolume
714,increasevolume
715,increasevolume
716,decreaseheat
717,increasevolume
718,increasevolume
719,increasevolume
720,decreasevolume
721,decreasevolume
722,increasevolume
723,increasevolume
724,decreasevolume
725,increasevolume
726,increasevolume
727,increasevolume
728,decreasevolume
729,increasevolume
730,increasevolume
731,decreasevolume
732,increasevolume
733,increasevolume
734,increasevolume
735,decreasevolume
736,increasevolume
737,increasevolume
738,decreasevolume
739,increasevolume
740,increasevolume
741,increasevolume
742,increasevolume
743,increasevolume
744,increasevolume
745,increasevolume
746,decreaseheat
747,increasevolume
748,increasevolume
749,increasevolume
750,increasevolume
751,increasevolume
752,increasevolume
753,increasevolume
754,increasevolume
755,decreasevolume
756,increasevolume
757,increasevolume
758,increasevolume
759,increasevolume
760,increasevolume
761,decreasevolume
762,increasevolume
763,increasevolume
764,increasevolume
765,decreasevolume
766,decreasevolume
767,decreasevolume
768,decreaseheat
769,increasevolume
770,increasevolume
771,increasevolume
772,decreasevolume
773,increasevolume
774,increasevolume
775,increasevolume
776,increasevolume
777,increasevolume
778,increasevolume
779,decreaseheat
780,increasevolume
781,increasevolume
782,increasevolume
783,decreaseheat
784,change languagenone
785,decreasevolume
786,decreasevolume
787,increasevolume
788,decreasevolume
789,increasevolume
790,decreaseheat
791,increasevolume
792,increasevolume
793,decreasevolume
794,decreasevolume
795,decreasevolume
796,increasevolume
797,increasevolume
798,increasevolume
799,increasevolume
800,decreasevolume
801,increasevolume
802,increasevolume
803,increasevolume
804,increasevolume
805,increasevolume
806,increasevolume
807,increasevolume
808,increasevolume
809,increasevolume
810,decreasevolume
811,increasevolume
812,increasevolume
813,increasevolume
814,increasevolume
815,increasevolume
816,increasevolume
817,increasevolume
818,increasevolume
819,increasevolume
820,increasevolume
821,increasevolume
822,increasevolume
823,decreasevolume
824,increasevolume
825,increasevolume
826,decreasevolume
827,decreasevolume
828,increasevolume
829,increasevolume
830,increasevolume
831,increasevolume
832,increasevolume
833,increasevolume
834,increasevolume
835,increasevolume
836,increaseheat
837,increasevolume
838,increasevolume
839,decreasevolume
840,increasevolume
841,increasevolume
842,increasevolume
843,increasevolume
844,decreasevolume
845,increasevolume
846,decreaseheat
847,increasevolume
848,increasevolume
849,increasevolume
850,increasevolume
851,decreasevolume
852,increasevolume
853,increasevolume
854,decreasevolume
855,increasevolume
856,increasevolume
857,increasevolume
858,change languagenone
859,increaseheat
860,increasevolume
861,decreasevolume
862,increaseheat
863,decreasevolume
864,increasevolume
865,increasevolume
866,decreasevolume
867,increasevolume
868,decreaseheat
869,increasevolume
870,increasevolume
871,increasevolume
872,change languagenone
873,increasevolume
874,increasevolume
875,decreaseheat
876,increasevolume
877,decreasevolume
878,decreasevolume
879,increasevolume
880,decreaseheat
881,decreasevolume
882,increasevolume
883,increasevolume
884,decreasevolume
885,increasevolume
886,increasevolume
887,decreaseheat
888,increasevolume
889,increasevolume
890,increasevolume
891,increasevolume
892,increasevolume
893,increasevolume
894,increasevolume
895,increasevolume
896,decreaseheat
897,increasevolume
898,change languagenone
899,increasevolume
900,decreasevolume
901,decreasevolume
902,increasevolume
903,increasevolume
904,increasevolume
905,increasevolume
906,increasevolume
907,decreaseheat
908,increasevolume
909,increasevolume
910,decreasevolume
911,increasevolume
912,increasevolume
913,increasevolume
914,increasevolume
915,increasevolume
916,decreasevolume
917,increasevolume
918,increasevolume
919,increasevolume
920,increasevolume
921,increasevolume
922,increasevolume
923,increasevolume
924,decreasevolume
925,increasevolume
926,increasevolume
927,decreasevolume
928,increasevolume
929,increasevolume
930,increasevolume
931,increasevolume
932,increasevolume
933,increasevolume
934,increasevolume
935,increasevolume
936,increasevolume
937,decreasevolume
938,increasevolume
939,decreasevolume
940,decreasevolume
941,increasevolume
942,decreaseheat
943,increasevolume
944,increasevolume
945,decreasevolume
946,increasevolume
947,decreasevolume
948,decreaseheat
949,increasevolume
950,decreasevolume
951,increasevolume
952,decreaseheat
953,decreasevolume
954,decreasevolume
955,increasevolume
956,increasevolume
957,increasevolume
958,increasevolume
959,decreasevolume
960,increasevolume
961,increasevolume
962,decreasevolume
963,increasevolume
964,increasevolume
965,increasevolume
966,increasevolume
967,increasevolume
968,increasevolume
969,increasevolume
970,decreasevolume
971,increasevolume
972,decreasevolume
973,increasevolume
974,decreaseheat
975,increasevolume
976,increaseheat
977,increasevolume
978,increasevolume
979,change languagenone
980,increasevolume
981,decreasevolume
982,increasevolume
983,increasevolume
984,increasevolume
985,increasevolume
986,increasevolume
987,increaseheat
988,increasevolume
989,increasevolume
990,increasevolume
991,increasevolume
992,increasevolume
993,increasevolume
994,increasevolume
995,decreaseheat
996,increasevolume
997,increasevolume
998,increasevolume
999,decreasevolume
1000,increasevolume
1001,decreasevolume
1002,increasevolume
1003,decreasevolume
1004,increasevolume
1005,increasevolume
1006,decreasevolume
1007,increasevolume
1008,increasevolume
1009,increasevolume
1010,decreasevolume
1011,increasevolume
1012,increasevolume
1013,increasevolume
1014,increasevolume
1015,increasevolume
1016,increasevolume
1017,increasevolume
1018,increasevolume
1019,increasevolume
1020,increasevolume
1021,increasevolume
1022,increasevolume
1023,increasevolume
1024,increaseheat
1025,increaseheat
1026,decreasevolume
1027,decreasevolume
1028,decreasevolume
1029,increasevolume
1030,decreasevolume
1031,increasevolume
1032,increasevolume
1033,decreasevolume
1034,increasevolume
1035,increaseheat
1036,increasevolume
1037,increasevolume
1038,decreasevolume
1039,increasevolume
1040,decreaseheat
1041,decreaseheat
1042,increasevolume
1043,decreasevolume
1044,increasevolume
1045,increasevolume
1046,decreasevolume
1047,increasevolume
1048,increasevolume
1049,increasevolume
1050,increasevolume
1051,increasevolume
1052,decreasevolume
1053,decreasevolume
1054,increasevolume
1055,increasevolume
1056,increasevolume
1057,increasevolume
1058,increasevolume
1059,increasevolume
1060,increasevolume
1061,decreasevolume
1062,decreasevolume
1063,increasevolume
1064,increasevolume
1065,increasevolume
1066,increasevolume
1067,increasevolume
1068,increasevolume
1069,increasevolume
1070,increasevolume
1071,increasevolume
1072,increasevolume
1073,increasevolume
1074,increasevolume
1075,increasevolume
1076,decreasevolume
1077,increasevolume
1078,increasevolume
1079,increasevolume
1080,decreasevolume
1081,increasevolume
1082,increasevolume
1083,increasevolume
1084,increasevolume
1085,increasevolume
1086,increasevolume
1087,increasevolume
1088,increasevolume
1089,increasevolume
1090,increasevolume
1091,increasevolume
1092,increasevolume
1093,increasevolume
1094,increasevolume
1095,increasevolume
1096,increasevolume
1097,increasevolume
1098,increasevolume
1099,increasevolume
1100,increasevolume
1101,increasevolume
1102,increasevolume
1103,decreasevolume
1104,increasevolume
1105,decreasevolume
1106,increasevolume
1107,increasevolume
1108,increasevolume
1109,increasevolume
1110,decreasevolume
1111,decreasevolume
1112,change languagenone
1113,increasevolume
1114,increasevolume
1115,increasevolume
1116,increasevolume
1117,increasevolume
1118,increasevolume
1119,increasevolume
1120,decreasevolume
1121,increasevolume
1122,decreasevolume
1123,increasevolume
1124,increaseheat
1125,decreasevolume
1126,increasevolume
1127,increasevolume
1128,increasevolume
1129,decreasevolume
1130,decreasevolume
1131,increasevolume
1132,increasevolume
1133,increasevolume
1134,decreaseheat
1135,increasevolume
1136,decreaseheat
1137,increasevolume
1138,increasevolume
1139,decreasevolume
1140,increasevolume
1141,increasevolume
1142,increasevolume
1143,increasevolume
1144,change languagenone
1145,increasevolume
1146,decreasevolume
1147,increasevolume
1148,decreasevolume
1149,increasevolume
1150,decreasevolume
1151,increasevolume
1152,increasevolume
1153,increasevolume
1154,increasevolume
1155,increasevolume
1156,increasevolume
1157,increasevolume
1158,increasevolume
1159,increasevolume
1160,increasevolume
1161,decreasevolume
1162,decreasevolume
1163,increasevolume
1164,decreasevolume
1165,increasevolume
1166,decreaseheat
1167,increasevolume
1168,increasevolume
1169,increasevolume
1170,increasevolume
1171,increasevolume
1172,increasevolume
1173,increasevolume
1174,increasevolume
1175,decreaseheat
1176,increasevolume
1177,increasevolume
1178,increasevolume
1179,decreasevolume
1180,increaseheat
1181,increasevolume
1182,increasevolume
1183,decreasevolume
1184,decreasevolume
1185,decreaseheat
1186,increasevolume
1187,decreaseheat
1188,increasevolume
1189,decreasevolume
1190,increasevolume
1191,decreasevolume
1192,increasevolume
1193,increasevolume
1194,increasevolume
1195,increasevolume
1196,increasevolume
1197,increasevolume
1198,increasevolume
1199,increasevolume
1200,increasevolume
1201,increasevolume
1202,increasevolume
1203,increasevolume
1204,increasevolume
1205,increasevolume
1206,increasevolume
1207,increasevolume
1208,increasevolume
1209,increasevolume
1210,increasevolume
1211,increasevolume
1212,increasevolume
1213,increasevolume
1214,decreasevolume
1215,decreasevolume
1216,increasevolume
1217,increasevolume
1218,increasevolume
1219,decreasevolume
1220,decreasevolume
1221,decreasevolume
1222,increasevolume
1223,increasevolume
1224,change languagenone
1225,increasevolume
1226,decreaseheat
1227,increasevolume
1228,increasevolume
1229,decreasevolume
1230,increasevolume
1231,increasevolume
1232,increasevolume
1233,increasevolume
1234,increasevolume
1235,increasevolume
1236,increasevolume
1237,increasevolume
1238,increasevolume
1239,increasevolume
1240,increasevolume
1241,increasevolume
1242,increasevolume
1243,increasevolume
1244,increasevolume
1245,increasevolume
1246,increasevolume
1247,increasevolume
1248,increasevolume
1249,increasevolume
1250,increaseheat
1251,increasevolume
1252,decreasevolume
1253,increasevolume
1254,increasevolume
1255,increasevolume
1256,increasevolume
1257,increasevolume
1258,increasevolume
1259,increasevolume
1260,decreasevolume
1261,decreasevolume
1262,increasevolume
1263,increasevolume
1264,increasevolume
1265,increasevolume
1266,increasevolume
1267,decreaseheat
1268,increasevolume
1269,increasevolume
1270,increasevolume
1271,decreasevolume
1272,increasevolume
1273,decreasevolume
1274,increasevolume
1275,decreasevolume
1276,increasevolume
1277,increasevolume
1278,increasevolume
1279,increasevolume
1280,decreasevolume
1281,increasevolume
1282,increasevolume
1283,increasevolume
1284,decreasevolume
1285,increasevolume
1286,decreasevolume
1287,decreasevolume
1288,increasevolume
1289,change languagenone
1290,increasevolume
1291,increasevolume
1292,increasevolume
1293,increasevolume
1294,decreaseheat
1295,decreasevolume
1296,increasevolume
1297,decreasevolume
1298,increasevolume
1299,increasevolume
1300,increasevolume
1301,decreasevolume
1302,decreasevolume
1303,increasevolume
1304,increasevolume
1305,increasevolume
1306,increasevolume
1307,increasevolume
1308,increasevolume
1309,increasevolume
1310,increasevolume
1311,increasevolume
1312,decreasevolume
1313,increasevolume
1314,increasevolume
1315,increasevolume
1316,increasevolume
1317,change languagenone
1318,increasevolume
1319,increasevolume
1320,increasevolume
1321,increasevolume
1322,increasevolume
1323,increasevolume
1324,decreasevolume
1325,decreasevolume
1326,increasevolume
1327,decreasevolume
1328,increasevolume
1329,increasevolume
1330,increasevolume
1331,increasevolume
1332,decreasevolume
1333,increasevolume
1334,increasevolume
1335,increasevolume
1336,increasevolume
1337,increasevolume
1338,change languagenone
1339,increasevolume
1340,increasevolume
1341,decreasevolume
1342,increasevolume
1343,increasevolume
1344,increasevolume
1345,increasevolume
1346,increasevolume
1347,increasevolume
1348,increasevolume
1349,increasevolume
1350,decreaseheat
1351,increasevolume
1352,increasevolume
1353,increasevolume
1354,increasevolume
1355,increasevolume
1356,change languagenone
1357,increasevolume
1358,increasevolume
1359,decreasevolume
1360,increasevolume
1361,decreasevolume
1362,decreasevolume
1363,increasevolume
1364,increasevolume
1365,increasevolume
1366,increasevolume
1367,decreasevolume
1368,change languagenone
1369,increasevolume
1370,increasevolume
1371,increasevolume
1372,decreasevolume
1373,decreaseheat
1374,increasevolume
1375,decreasevolume
1376,increasevolume
1377,increasevolume
1378,increasevolume
1379,increasevolume
1380,decreasevolume
1381,decreasevolume
1382,increasevolume
1383,increasevolume
1384,increasevolume
1385,increasevolume
1386,increasevolume
1387,decreasevolume
1388,decreasevolume
1389,increasevolume
1390,increasevolume
1391,decreasevolume
1392,increasevolume
1393,increasevolume
1394,increasevolume
1395,increasevolume
1396,increasevolume
1397,increasevolume
1398,increasevolume
1399,increasevolume
1400,increasevolume
1401,decreasevolume
1402,increasevolume
1403,increasevolume
1404,increasevolume
1405,decreasevolume
1406,increasevolume
1407,increasevolume
1408,increasevolume
1409,increasevolume
1410,decreasevolume
1411,increasevolume
1412,increasevolume
1413,increasevolume
1414,increasevolume
1415,increasevolume
1416,increasevolume
1417,increasevolume
1418,increasevolume
1419,decreasevolume
1420,increasevolume
1421,increasevolume
1422,increasevolume
1423,increasevolume
1424,increasevolume
1425,decreasevolume
1426,increasevolume
1427,increasevolume
1428,increasevolume
1429,increasevolume
1430,increasevolume
1431,increasevolume
1432,increasevolume
1433,increasevolume
1434,increasevolume
1435,increasevolume
1436,increasevolume
1437,increasevolume
1438,increasevolume
1439,increasevolume
1440,increasevolume
1441,increasevolume
1442,change languagenone
1443,decreasevolume
1444,increasevolume
1445,increasevolume
1446,increasevolume
1447,decreasevolume
1448,increasevolume
1449,increasevolume
1450,increasevolume
1451,increasevolume
1452,decreasevolume
1453,increasevolume
1454,increasevolume
